City 1,City 2,Heuristic
Agra,Agartala,2566
Ahmedabad,Agartala,3220
Allahabad,Agartala,2083
Amritsar,Agartala,3126
Asansol,Agartala,2076
Bangalore,Agartala,3277
Baroda,Agartala,3263
Bhopal,Agartala,2697
Bhubaneshwar,Agartala,2286
Bombay,Agartala,3421
Calcutta,Agartala,1863
Calicut,Agartala,3413
Chandigarh,Agartala,2929
Cochin,Agartala,3635
Coimbatore,Agartala,3449
Delhi,Agartala,2681
Gwalior,Agartala,2490
Hubli,Agartala,3027
Hyderabad,Agartala,3150
Imphal,Agartala,3215
Indore,Agartala,2886
Jabalpur,Agartala,2417
Jaipur,Agartala,2793
Jamshedpur,Agartala,2131
Jullundur,Agartala,3056
Kanpur,Agartala,2276
Kolhapur,Agartala,3091
Lucknow,Agartala,2247
Ludhiana,Agartala,2991
Madras,Agartala,3023
Madurai,Agartala,3493
Meerut,Agartala,2615
Nagpur,Agartala,2674
Nasik,Agartala,3238
Panjim,Agartala,2837
Patna,Agartala,1681
Pondicherry,Agartala,3160
Pune,Agartala,3338
Ranchi,Agartala,1983
Shillong,Agartala,2700
Shimla,Agartala,2906
Surat,Agartala,3423
Trivandrum,Agartala,3629
Varanasi,Agartala,1961
Vijayawada,Agartala,3061
Vishakapatnam,Agartala,2731
Agartala,Agra,2566
Ahmedabad,Agra,878
Allahabad,Agra,483
Amritsar,Agra,645
Asansol,Agra,1079
Bangalore,Agra,1681
Baroda,Agra,970
Bhopal,Agra,782
Bhubaneshwar,Agra,1573
Bombay,Agra,1180
Calcutta,Agra,1300
Calicut,Agra,2056
Chandigarh,Agra,448
Cochin,Agra,2064
Coimbatore,Agra,1970
Delhi,Agra,200
Gwalior,Agra,515
Hubli,Agra,1290
Hyderabad,Agra,1246
Imphal,Agra,2419
Indore,Agra,591
Jabalpur,Agra,833
Jaipur,Agra,230
Jamshedpur,Agra,1157
Jullundur,Agra,575
Kanpur,Agra,290
Kolhapur,Agra,1461
Lucknow,Agra,369
Ludhiana,Agra,510
Madras,Agra,1728
Madurai,Agra,1893
Meerut,Agra,266
Nagpur,Agra,770
Nasik,Agra,1005
Panjim,Agra,1480
Patna,Agra,885
Pondicherry,Agra,1560
Pune,Agra,1214
Ranchi,Agra,1013
Shillong,Agra,1904
Shimla,Agra,547
Surat,Agra,1141
Trivandrum,Agra,2150
Varanasi,Agra,605
Vijayawada,Agra,1512
Vishakapatnam,Agra,1680
Agartala,Ahmedabad,3220
Agra,Ahmedabad,878
Allahabad,Ahmedabad,1245
Amritsar,Ahmedabad,1354
Asansol,Ahmedabad,1719
Bangalore,Ahmedabad,1395
Baroda,Ahmedabad,119
Bhopal,Ahmedabad,523
Bhubaneshwar,Ahmedabad,1647
Bombay,Ahmedabad,552
Calcutta,Ahmedabad,1493
Calicut,Ahmedabad,1648
Chandigarh,Ahmedabad,1155
Cochin,Ahmedabad,1845
Coimbatore,Ahmedabad,1669
Delhi,Ahmedabad,911
Gwalior,Ahmedabad,919
Hubli,Ahmedabad,1101
Hyderabad,Ahmedabad,1209
Imphal,Ahmedabad,3073
Indore,Ahmedabad,442
Jabalpur,Ahmedabad,901
Jaipur,Ahmedabad,648
Jamshedpur,Ahmedabad,1225
Jullundur,Ahmedabad,1285
Kanpur,Ahmedabad,1108
Kolhapur,Ahmedabad,911
Lucknow,Ahmedabad,1187
Ludhiana,Ahmedabad,1218
Madras,Ahmedabad,1726
Madurai,Ahmedabad,1827
Meerut,Ahmedabad,975
Nagpur,Ahmedabad,875
Nasik,Ahmedabad,504
Panjim,Ahmedabad,1136
Patna,Ahmedabad,1539
Pondicherry,Ahmedabad,1723
Pune,Ahmedabad,664
Ranchi,Ahmedabad,1775
Shillong,Ahmedabad,2518
Shimla,Ahmedabad,1254
Surat,Ahmedabad,263
Trivandrum,Ahmedabad,1928
Varanasi,Ahmedabad,1367
Vijayawada,Ahmedabad,1478
Vishakapatnam,Ahmedabad,1785
Agartala,Allahabad,2083
Agra,Allahabad,483
Ahmedabad,Allahabad,1245
Amritsar,Allahabad,1093
Asansol,Allahabad,797
Bangalore,Allahabad,1405
Baroda,Allahabad,1182
Bhopal,Allahabad,778
Bhubaneshwar,Allahabad,1090
Bombay,Allahabad,1352
Calcutta,Allahabad,817
Calicut,Allahabad,1643
Chandigarh,Allahabad,854
Cochin,Allahabad,1607
Coimbatore,Allahabad,1487
Delhi,Allahabad,650
Gwalior,Allahabad,473
Hubli,Allahabad,1570
Hyderabad,Allahabad,1084
Imphal,Allahabad,1936
Indore,Allahabad,803
Jabalpur,Allahabad,736
Jaipur,Allahabad,710
Jamshedpur,Allahabad,875
Jullundur,Allahabad,1008
Kanpur,Allahabad,193
Kolhapur,Allahabad,1611
Lucknow,Allahabad,234
Ludhiana,Allahabad,959
Madras,Allahabad,1245
Madurai,Allahabad,1410
Meerut,Allahabad,687
Nagpur,Allahabad,608
Nasik,Allahabad,1155
Panjim,Allahabad,1419
Patna,Allahabad,402
Pondicherry,Allahabad,1077
Pune,Allahabad,1364
Ranchi,Allahabad,704
Shillong,Allahabad,1421
Shimla,Allahabad,893
Surat,Allahabad,1357
Trivandrum,Allahabad,1699
Varanasi,Allahabad,508
Vijayawada,Allahabad,1350
Vishakapatnam,Allahabad,1518
Agartala,Amritsar,3126
Agra,Amritsar,645
Ahmedabad,Amritsar,1354
Allahabad,Amritsar,1093
Asansol,Amritsar,1689
Bangalore,Amritsar,2157
Baroda,Amritsar,1420
Bhopal,Amritsar,1187
Bhubaneshwar,Amritsar,2158
Bombay,Amritsar,1700
Calcutta,Amritsar,1885
Calicut,Amritsar,2426
Chandigarh,Amritsar,239
Cochin,Amritsar,2204
Coimbatore,Amritsar,2399
Delhi,Amritsar,445
Gwalior,Amritsar,701
Hubli,Amritsar,1766
Hyderabad,Amritsar,1833
Imphal,Amritsar,2979
Indore,Amritsar,1111
Jabalpur,Amritsar,1245
Jaipur,Amritsar,706
Jamshedpur,Amritsar,1767
Jullundur,Amritsar,393
Kanpur,Amritsar,900
Kolhapur,Amritsar,1981
Lucknow,Amritsar,939
Ludhiana,Amritsar,344
Madras,Amritsar,2338
Madurai,Amritsar,2503
Meerut,Amritsar,511
Nagpur,Amritsar,1357
Nasik,Amritsar,1525
Panjim,Amritsar,1956
Patna,Amritsar,1445
Pondicherry,Amritsar,2170
Pune,Amritsar,1734
Ranchi,Amritsar,1623
Shillong,Amritsar,2464
Shimla,Amritsar,338
Surat,Amritsar,1564
Trivandrum,Amritsar,2395
Varanasi,Amritsar,1190
Vijayawada,Amritsar,2099
Vishakapatnam,Amritsar,2267
Agartala,Asansol,2076
Agra,Asansol,1079
Ahmedabad,Asansol,1719
Allahabad,Asansol,797
Amritsar,Asansol,1689
Bangalore,Asansol,1640
Baroda,Asansol,1773
Bhopal,Asansol,1374
Bhubaneshwar,Asansol,523
Bombay,Asansol,1784
Calcutta,Asansol,226
Calicut,Asansol,1776
Chandigarh,Asansol,1450
Cochin,Asansol,1998
Coimbatore,Asansol,1812
Delhi,Asansol,1262
Gwalior,Asansol,1069
Hubli,Asansol,1390
Hyderabad,Asansol,1567
Imphal,Asansol,1929
Indore,Asansol,1394
Jabalpur,Asansol,1131
Jaipur,Asansol,1304
Jamshedpur,Asansol,494
Jullundur,Asansol,1604
Kanpur,Asansol,789
Kolhapur,Asansol,1454
Lucknow,Asansol,825
Ludhiana,Asansol,1555
Madras,Asansol,1386
Madurai,Asansol,1866
Meerut,Asansol,1278
Nagpur,Asansol,1122
Nasik,Asansol,1746
Panjim,Asansol,1200
Patna,Asansol,395
Pondicherry,Asansol,1554
Pune,Asansol,1701
Ranchi,Asansol,640
Shillong,Asansol,1414
Shimla,Asansol,1484
Surat,Asansol,1871
Trivandrum,Asansol,1992
Varanasi,Asansol,675
Vijayawada,Asansol,1298
Vishakapatnam,Asansol,968
Agartala,Bangalore,3277
Agra,Bangalore,1681
Ahmedabad,Bangalore,1395
Allahabad,Bangalore,1405
Amritsar,Bangalore,2157
Asansol,Bangalore,1640
Baroda,Bangalore,1276
Bhopal,Bangalore,1148
Bhubaneshwar,Bangalore,1412
Bombay,Bangalore,910
Calcutta,Bangalore,1414
Calicut,Bangalore,520
Chandigarh,Bangalore,1958
Cochin,Bangalore,512
Coimbatore,Bangalore,333
Delhi,Bangalore,1714
Gwalior,Bangalore,1695
Hubli,Bangalore,391
Hyderabad,Bangalore,563
Imphal,Bangalore,3131
Indore,Bangalore,1339
Jabalpur,Bangalore,1296
Jaipur,Bangalore,1451
Jamshedpur,Bangalore,1682
Jullundur,Bangalore,2089
Kanpur,Bangalore,1598
Kolhapur,Bangalore,484
Lucknow,Bangalore,1639
Ludhiana,Bangalore,2021
Madras,Bangalore,331
Madurai,Bangalore,432
Meerut,Bangalore,1778
Nagpur,Bangalore,1039
Nasik,Bangalore,940
Panjim,Bangalore,440
Patna,Bangalore,1807
Pondicherry,Bangalore,328
Pune,Bangalore,731
Ranchi,Bangalore,1828
Shillong,Bangalore,1872
Shimla,Bangalore,2057
Surat,Bangalore,1143
Trivandrum,Bangalore,696
Varanasi,Bangalore,1752
Vijayawada,Bangalore,637
Vishakapatnam,Bangalore,1093
Agartala,Baroda,3263
Agra,Baroda,970
Ahmedabad,Baroda,119
Allahabad,Baroda,1182
Amritsar,Baroda,1420
Asansol,Baroda,1773
Bangalore,Baroda,1276
Bhopal,Baroda,570
Bhubaneshwar,Baroda,1604
Bombay,Baroda,433
Calcutta,Baroda,1612
Calicut,Baroda,1529
Chandigarh,Baroda,1181
Cochin,Baroda,1726
Coimbatore,Baroda,1550
Delhi,Baroda,1030
Gwalior,Baroda,876
Hubli,Baroda,982
Hyderabad,Baroda,1090
Imphal,Baroda,3116
Indore,Baroda,379
Jabalpur,Baroda,1020
Jaipur,Baroda,767
Jamshedpur,Baroda,1344
Jullundur,Baroda,1335
Kanpur,Baroda,1068
Kolhapur,Baroda,792
Lucknow,Baroda,1147
Ludhiana,Baroda,1286
Madras,Baroda,1607
Madurai,Baroda,1708
Meerut,Baroda,1094
Nagpur,Baroda,774
Nasik,Baroda,457
Panjim,Baroda,1017
Patna,Baroda,1582
Pondicherry,Baroda,1604
Pune,Baroda,545
Ranchi,Baroda,1712
Shillong,Baroda,2399
Shimla,Baroda,1280
Surat,Baroda,382
Trivandrum,Baroda,1809
Varanasi,Baroda,1304
Vijayawada,Baroda,1359
Vishakapatnam,Baroda,1684
Agartala,Bhopal,2697
Agra,Bhopal,782
Ahmedabad,Bhopal,523
Allahabad,Bhopal,778
Amritsar,Bhopal,1187
Asansol,Bhopal,1374
Bangalore,Bhopal,1148
Baroda,Bhopal,570
Bhubaneshwar,Bhopal,1162
Bombay,Bhopal,778
Calcutta,Bhopal,1495
Calicut,Bhopal,1668
Chandigarh,Bhopal,988
Cochin,Bhopal,1660
Coimbatore,Bhopal,1481
Delhi,Bhopal,742
Gwalior,Bhopal,688
Hubli,Bhopal,1251
Hyderabad,Bhopal,808
Imphal,Bhopal,2550
Indore,Bhopal,191
Jabalpur,Bhopal,609
Jaipur,Bhopal,596
Jamshedpur,Bhopal,1452
Jullundur,Bhopal,1117
Kanpur,Bhopal,585
Kolhapur,Bhopal,1061
Lucknow,Bhopal,664
Ludhiana,Bhopal,1052
Madras,Bhopal,1479
Madurai,Bhopal,1580
Meerut,Bhopal,808
Nagpur,Bhopal,352
Nasik,Bhopal,605
Panjim,Bhopal,1143
Patna,Bhopal,1016
Pondicherry,Bhopal,1476
Pune,Bhopal,814
Ranchi,Bhopal,1308
Shillong,Bhopal,2035
Shimla,Bhopal,1087
Surat,Bhopal,786
Trivandrum,Bhopal,1844
Varanasi,Bhopal,900
Vijayawada,Bhopal,1077
Vishakapatnam,Bhopal,1262
Agartala,Bhubaneshwar,2286
Agra,Bhubaneshwar,1573
Ahmedabad,Bhubaneshwar,1647
Allahabad,Bhubaneshwar,1090
Amritsar,Bhubaneshwar,2158
Asansol,Bhubaneshwar,523
Bangalore,Bhubaneshwar,1412
Baroda,Bhubaneshwar,1604
Bhopal,Bhubaneshwar,1162
Bombay,Bhubaneshwar,1679
Calcutta,Bhubaneshwar,423
Calicut,Bhubaneshwar,1922
Chandigarh,Bhubaneshwar,1944
Cochin,Bhubaneshwar,1828
Coimbatore,Bhubaneshwar,1633
Delhi,Bhubaneshwar,1713
Gwalior,Bhubaneshwar,1486
Hubli,Bhubaneshwar,1530
Hyderabad,Bhubaneshwar,1044
Imphal,Bhubaneshwar,2139
Indore,Bhubaneshwar,1275
Jabalpur,Bhubaneshwar,1087
Jaipur,Bhubaneshwar,1680
Jamshedpur,Bhubaneshwar,422
Jullundur,Bhubaneshwar,2088
Kanpur,Bhubaneshwar,1283
Kolhapur,Bhubaneshwar,1622
Lucknow,Bhubaneshwar,1254
Ludhiana,Bhubaneshwar,2023
Madras,Bhubaneshwar,1207
Madurai,Bhubaneshwar,1687
Meerut,Bhubaneshwar,1707
Nagpur,Bhubaneshwar,830
Nasik,Bhubaneshwar,1516
Panjim,Bhubaneshwar,1397
Patna,Bhubaneshwar,862
Pondicherry,Bhubaneshwar,1373
Pune,Bhubaneshwar,1587
Ranchi,Bhubaneshwar,560
Shillong,Bhubaneshwar,1640
Shimla,Bhubaneshwar,1913
Surat,Bhubaneshwar,1579
Trivandrum,Bhubaneshwar,1953
Varanasi,Bhubaneshwar,968
Vijayawada,Bhubaneshwar,775
Vishakapatnam,Bhubaneshwar,445
Agartala,Bombay,3421
Agra,Bombay,1180
Ahmedabad,Bombay,552
Allahabad,Bombay,1352
Amritsar,Bombay,1700
Asansol,Bombay,1784
Bangalore,Bombay,910
Baroda,Bombay,433
Bhopal,Bombay,778
Bhubaneshwar,Bombay,1679
Calcutta,Bombay,1558
Calicut,Bombay,1160
Chandigarh,Bombay,1501
Cochin,Bombay,1360
Coimbatore,Bombay,1189
Delhi,Bombay,1257
Gwalior,Bombay,1085
Hubli,Bombay,614
Hyderabad,Bombay,729
Imphal,Bombay,3275
Indore,Bombay,589
Jabalpur,Bombay,1106
Jaipur,Bombay,994
Jamshedpur,Bombay,1777
Jullundur,Bombay,1632
Kanpur,Bombay,1278
Kolhapur,Bombay,426
Lucknow,Bombay,1357
Ludhiana,Bombay,1564
Madras,Bombay,1241
Madurai,Bombay,1342
Meerut,Bombay,1321
Nagpur,Bombay,849
Nasik,Bombay,197
Panjim,Bombay,584
Patna,Bombay,1754
Pondicherry,Bombay,1238
Pune,Bombay,184
Ranchi,Bombay,1807
Shillong,Bombay,2038
Shimla,Bombay,1600
Surat,Bombay,301
Trivandrum,Bombay,1376
Varanasi,Bombay,1514
Vijayawada,Bombay,973
Vishakapatnam,Bombay,1328
Agartala,Calcutta,1863
Agra,Calcutta,1300
Ahmedabad,Calcutta,1493
Allahabad,Calcutta,817
Amritsar,Calcutta,1885
Asansol,Calcutta,226
Bangalore,Calcutta,1414
Baroda,Calcutta,1612
Bhopal,Calcutta,1495
Bhubaneshwar,Calcutta,423
Bombay,Calcutta,1558
Calicut,Calcutta,1550
Chandigarh,Calcutta,1671
Cochin,Calcutta,1772
Coimbatore,Calcutta,1586
Delhi,Calcutta,1440
Gwalior,Calcutta,1224
Hubli,Calcutta,1164
Hyderabad,Calcutta,1467
Imphal,Calcutta,1717
Indore,Calcutta,1608
Jabalpur,Calcutta,1167
Jaipur,Calcutta,1527
Jamshedpur,Calcutta,268
Jullundur,Calcutta,1815
Kanpur,Calcutta,1010
Kolhapur,Calcutta,1228
Lucknow,Calcutta,981
Ludhiana,Calcutta,1750
Madras,Calcutta,1160
Madurai,Calcutta,1640
Meerut,Calcutta,1434
Nagpur,Calcutta,1163
Nasik,Calcutta,1675
Panjim,Calcutta,974
Patna,Calcutta,621
Pondicherry,Calcutta,1328
Pune,Calcutta,1475
Ranchi,Calcutta,414
Shillong,Calcutta,1281
Shimla,Calcutta,1640
Surat,Calcutta,1756
Trivandrum,Calcutta,1766
Varanasi,Calcutta,695
Vijayawada,Calcutta,1198
Vishakapatnam,Calcutta,868
Agartala,Calicut,3413
Agra,Calicut,2056
Ahmedabad,Calicut,1648
Allahabad,Calicut,1643
Amritsar,Calicut,2426
Asansol,Calicut,1776
Bangalore,Calicut,520
Baroda,Calicut,1529
Bhopal,Calicut,1668
Bhubaneshwar,Calicut,1922
Bombay,Calicut,1160
Calcutta,Calicut,1550
Chandigarh,Calicut,2187
Cochin,Calicut,222
Coimbatore,Calicut,417
Delhi,Calicut,2089
Gwalior,Calicut,2042
Hubli,Calicut,766
Hyderabad,Calicut,910
Imphal,Calicut,3267
Indore,Calicut,1607
Jabalpur,Calicut,1643
Jaipur,Calicut,1826
Jamshedpur,Calicut,1818
Jullundur,Calicut,2341
Kanpur,Calicut,1836
Kolhapur,Calicut,830
Lucknow,Calicut,1877
Ludhiana,Calicut,2292
Madras,Calicut,715
Madurai,Calicut,548
Meerut,Calicut,2153
Nagpur,Calicut,1386
Nasik,Calicut,1193
Panjim,Calicut,576
Patna,Calicut,2045
Pondicherry,Calicut,566
Pune,Calicut,984
Ranchi,Calicut,1964
Shillong,Calicut,2219
Shimla,Calicut,2286
Surat,Calicut,1396
Trivandrum,Calicut,440
Varanasi,Calicut,2099
Vijayawada,Calicut,1147
Vishakapatnam,Calicut,1477
Agartala,Chandigarh,2929
Agra,Chandigarh,448
Ahmedabad,Chandigarh,1155
Allahabad,Chandigarh,854
Amritsar,Chandigarh,239
Asansol,Chandigarh,1450
Bangalore,Chandigarh,1958
Baroda,Chandigarh,1181
Bhopal,Chandigarh,988
Bhubaneshwar,Chandigarh,1944
Bombay,Chandigarh,1501
Calcutta,Chandigarh,1671
Calicut,Chandigarh,2187
Cochin,Chandigarh,1965
Coimbatore,Chandigarh,2160
Delhi,Chandigarh,248
Gwalior,Chandigarh,462
Hubli,Chandigarh,1567
Hyderabad,Chandigarh,1594
Imphal,Chandigarh,2782
Indore,Chandigarh,912
Jabalpur,Chandigarh,1046
Jaipur,Chandigarh,507
Jamshedpur,Chandigarh,1528
Jullundur,Chandigarh,154
Kanpur,Chandigarh,661
Kolhapur,Chandigarh,1782
Lucknow,Chandigarh,740
Ludhiana,Chandigarh,105
Madras,Chandigarh,2099
Madurai,Chandigarh,2264
Meerut,Chandigarh,314
Nagpur,Chandigarh,1118
Nasik,Chandigarh,1326
Panjim,Chandigarh,1757
Patna,Chandigarh,1248
Pondicherry,Chandigarh,1931
Pune,Chandigarh,1535
Ranchi,Chandigarh,1384
Shillong,Chandigarh,2267
Shimla,Chandigarh,99
Surat,Chandigarh,1325
Trivandrum,Chandigarh,2183
Varanasi,Chandigarh,976
Vijayawada,Chandigarh,1860
Vishakapatnam,Chandigarh,2028
Agartala,Cochin,3635
Agra,Cochin,2064
Ahmedabad,Cochin,1845
Allahabad,Cochin,1607
Amritsar,Cochin,2204
Asansol,Cochin,1998
Bangalore,Cochin,512
Baroda,Cochin,1726
Bhopal,Cochin,1660
Bhubaneshwar,Cochin,1828
Bombay,Cochin,1360
Calcutta,Cochin,1772
Calicut,Cochin,222
Chandigarh,Cochin,1965
Coimbatore,Cochin,195
Delhi,Cochin,2097
Gwalior,Cochin,1881
Hubli,Cochin,774
Hyderabad,Cochin,1075
Imphal,Cochin,3489
Indore,Cochin,1804
Jabalpur,Cochin,1808
Jaipur,Cochin,1834
Jamshedpur,Cochin,2040
Jullundur,Cochin,2119
Kanpur,Cochin,1800
Kolhapur,Cochin,934
Lucknow,Cochin,1841
Ludhiana,Cochin,2070
Madras,Cochin,621
Madurai,Cochin,326
Meerut,Cochin,2161
Nagpur,Cochin,1551
Nasik,Cochin,1390
Panjim,Cochin,798
Patna,Cochin,2009
Pondicherry,Cochin,530
Pune,Cochin,1181
Ranchi,Cochin,2186
Shillong,Cochin,2384
Shimla,Cochin,2064
Surat,Cochin,1593
Trivandrum,Cochin,218
Varanasi,Cochin,2115
Vijayawada,Cochin,1053
Vishakapatnam,Cochin,1383
Agartala,Coimbatore,3449
Agra,Coimbatore,1970
Ahmedabad,Coimbatore,1669
Allahabad,Coimbatore,1487
Amritsar,Coimbatore,2399
Asansol,Coimbatore,1812
Bangalore,Coimbatore,333
Baroda,Coimbatore,1550
Bhopal,Coimbatore,1481
Bhubaneshwar,Coimbatore,1633
Bombay,Coimbatore,1189
Calcutta,Coimbatore,1586
Calicut,Coimbatore,417
Chandigarh,Coimbatore,2160
Cochin,Coimbatore,195
Delhi,Coimbatore,2047
Gwalior,Coimbatore,1960
Hubli,Coimbatore,724
Hyderabad,Coimbatore,896
Imphal,Coimbatore,3303
Indore,Coimbatore,1628
Jabalpur,Coimbatore,1629
Jaipur,Coimbatore,1784
Jamshedpur,Coimbatore,1854
Jullundur,Coimbatore,2314
Kanpur,Coimbatore,1680
Kolhapur,Coimbatore,817
Lucknow,Coimbatore,1721
Ludhiana,Coimbatore,2265
Madras,Coimbatore,426
Madurai,Coimbatore,521
Meerut,Coimbatore,2111
Nagpur,Coimbatore,1372
Nasik,Coimbatore,1214
Panjim,Coimbatore,773
Patna,Coimbatore,1889
Pondicherry,Coimbatore,410
Pune,Coimbatore,1005
Ranchi,Coimbatore,2000
Shillong,Coimbatore,2205
Shimla,Coimbatore,2259
Surat,Coimbatore,1417
Trivandrum,Coimbatore,413
Varanasi,Coimbatore,1995
Vijayawada,Coimbatore,858
Vishakapatnam,Coimbatore,1188
Agartala,Delhi,2681
Agra,Delhi,200
Ahmedabad,Delhi,911
Allahabad,Delhi,650
Amritsar,Delhi,445
Asansol,Delhi,1262
Bangalore,Delhi,1714
Baroda,Delhi,1030
Bhopal,Delhi,742
Bhubaneshwar,Delhi,1713
Bombay,Delhi,1257
Calcutta,Delhi,1440
Calicut,Delhi,2089
Chandigarh,Delhi,248
Cochin,Delhi,2097
Coimbatore,Delhi,2047
Gwalior,Delhi,315
Hubli,Delhi,1323
Hyderabad,Delhi,1446
Imphal,Delhi,2534
Indore,Delhi,668
Jabalpur,Delhi,800
Jaipur,Delhi,263
Jamshedpur,Delhi,1348
Jullundur,Delhi,375
Kanpur,Delhi,481
Kolhapur,Delhi,1538
Lucknow,Delhi,499
Ludhiana,Delhi,310
Madras,Delhi,1895
Madurai,Delhi,2060
Meerut,Delhi,66
Nagpur,Delhi,970
Nasik,Delhi,1082
Panjim,Delhi,1513
Patna,Delhi,1000
Pondicherry,Delhi,1727
Pune,Delhi,1291
Ranchi,Delhi,1204
Shillong,Delhi,2019
Shimla,Delhi,347
Surat,Delhi,1174
Trivandrum,Delhi,1950
Varanasi,Delhi,745
Vijayawada,Delhi,1712
Vishakapatnam,Delhi,1880
Agartala,Gwalior,2490
Agra,Gwalior,515
Ahmedabad,Gwalior,919
Allahabad,Gwalior,473
Amritsar,Gwalior,701
Asansol,Gwalior,1069
Bangalore,Gwalior,1695
Baroda,Gwalior,876
Bhopal,Gwalior,688
Bhubaneshwar,Gwalior,1486
Bombay,Gwalior,1085
Calcutta,Gwalior,1224
Calicut,Gwalior,2042
Chandigarh,Gwalior,462
Cochin,Gwalior,1881
Coimbatore,Gwalior,1960
Delhi,Gwalior,315
Hubli,Gwalior,1411
Hyderabad,Gwalior,1132
Imphal,Gwalior,2343
Indore,Gwalior,497
Jabalpur,Gwalior,823
Jaipur,Gwalior,351
Jamshedpur,Gwalior,1147
Jullundur,Gwalior,616
Kanpur,Gwalior,280
Kolhapur,Gwalior,1347
Lucknow,Gwalior,359
Ludhiana,Gwalior,567
Madras,Gwalior,1718
Madurai,Gwalior,1883
Meerut,Gwalior,381
Nagpur,Gwalior,656
Nasik,Gwalior,891
Panjim,Gwalior,1467
Patna,Gwalior,809
Pondicherry,Gwalior,1550
Pune,Gwalior,1100
Ranchi,Gwalior,1003
Shillong,Gwalior,1828
Shimla,Gwalior,561
Surat,Gwalior,1104
Trivandrum,Gwalior,2099
Varanasi,Gwalior,595
Vijayawada,Gwalior,1398
Vishakapatnam,Gwalior,1566
Agartala,Hubli,3027
Agra,Hubli,1290
Ahmedabad,Hubli,1101
Allahabad,Hubli,1570
Amritsar,Hubli,1766
Asansol,Hubli,1390
Bangalore,Hubli,391
Baroda,Hubli,982
Bhopal,Hubli,1251
Bhubaneshwar,Hubli,1530
Bombay,Hubli,614
Calcutta,Hubli,1164
Calicut,Hubli,766
Chandigarh,Hubli,1567
Cochin,Hubli,774
Coimbatore,Hubli,724
Delhi,Hubli,1323
Gwalior,Hubli,1411
Hyderabad,Hubli,486
Imphal,Hubli,2881
Indore,Hubli,1060
Jabalpur,Hubli,1219
Jaipur,Hubli,1060
Jamshedpur,Hubli,1432
Jullundur,Hubli,1698
Kanpur,Hubli,1577
Kolhapur,Hubli,444
Lucknow,Hubli,1656
Ludhiana,Hubli,1630
Madras,Hubli,683
Madurai,Hubli,823
Meerut,Hubli,1387
Nagpur,Hubli,962
Nasik,Hubli,646
Panjim,Hubli,190
Patna,Hubli,1785
Pondicherry,Hubli,653
Pune,Hubli,437
Ranchi,Hubli,1578
Shillong,Hubli,1795
Shimla,Hubli,1666
Surat,Hubli,849
Trivandrum,Hubli,982
Varanasi,Hubli,1675
Vijayawada,Hubli,755
Vishakapatnam,Hubli,1085
Agartala,Hyderabad,3150
Agra,Hyderabad,1246
Ahmedabad,Hyderabad,1209
Allahabad,Hyderabad,1084
Amritsar,Hyderabad,1833
Asansol,Hyderabad,1567
Bangalore,Hyderabad,563
Baroda,Hyderabad,1090
Bhopal,Hyderabad,808
Bhubaneshwar,Hyderabad,1044
Bombay,Hyderabad,729
Calcutta,Hyderabad,1467
Calicut,Hyderabad,910
Chandigarh,Hyderabad,1594
Cochin,Hyderabad,1075
Coimbatore,Hyderabad,896
Delhi,Hyderabad,1446
Gwalior,Hyderabad,1132
Hubli,Hyderabad,486
Imphal,Hyderabad,3003
Indore,Hyderabad,921
Jabalpur,Hyderabad,733
Jaipur,Hyderabad,1326
Jamshedpur,Hyderabad,1466
Jullundur,Hyderabad,1748
Kanpur,Hyderabad,1253
Kolhapur,Hyderabad,578
Lucknow,Hyderabad,1317
Ludhiana,Hyderabad,1699
Madras,Hyderabad,699
Madurai,Hyderabad,995
Meerut,Hyderabad,1470
Nagpur,Hyderabad,476
Nasik,Hyderabad,754
Panjim,Hyderabad,676
Patna,Hyderabad,1469
Pondicherry,Hyderabad,865
Pune,Hyderabad,545
Ranchi,Hyderabad,1434
Shillong,Hyderabad,1309
Shimla,Hyderabad,1693
Surat,Hyderabad,957
Trivandrum,Hyderabad,1259
Varanasi,Hyderabad,1189
Vijayawada,Hyderabad,269
Vishakapatnam,Hyderabad,599
Agartala,Imphal,3215
Agra,Imphal,2419
Ahmedabad,Imphal,3073
Allahabad,Imphal,1936
Amritsar,Imphal,2979
Asansol,Imphal,1929
Bangalore,Imphal,3131
Baroda,Imphal,3116
Bhopal,Imphal,2550
Bhubaneshwar,Imphal,2139
Bombay,Imphal,3275
Calcutta,Imphal,1717
Calicut,Imphal,3267
Chandigarh,Imphal,2782
Cochin,Imphal,3489
Coimbatore,Imphal,3303
Delhi,Imphal,2534
Gwalior,Imphal,2343
Hubli,Imphal,2881
Hyderabad,Imphal,3003
Indore,Imphal,2739
Jabalpur,Imphal,2270
Jaipur,Imphal,2646
Jamshedpur,Imphal,1985
Jullundur,Imphal,2909
Kanpur,Imphal,2129
Kolhapur,Imphal,2945
Lucknow,Imphal,2100
Ludhiana,Imphal,2844
Madras,Imphal,2877
Madurai,Imphal,3346
Meerut,Imphal,2468
Nagpur,Imphal,2527
Nasik,Imphal,3091
Panjim,Imphal,2691
Patna,Imphal,1534
Pondicherry,Imphal,3013
Pune,Imphal,3192
Ranchi,Imphal,1836
Shillong,Imphal,2553
Shimla,Imphal,2759
Surat,Imphal,3276
Trivandrum,Imphal,3483
Varanasi,Imphal,1814
Vijayawada,Imphal,2914
Vishakapatnam,Imphal,2584
Agartala,Indore,2886
Agra,Indore,591
Ahmedabad,Indore,442
Allahabad,Indore,803
Amritsar,Indore,1111
Asansol,Indore,1394
Bangalore,Indore,1339
Baroda,Indore,379
Bhopal,Indore,191
Bhubaneshwar,Indore,1275
Bombay,Indore,589
Calcutta,Indore,1608
Calicut,Indore,1607
Chandigarh,Indore,912
Cochin,Indore,1804
Coimbatore,Indore,1628
Delhi,Indore,668
Gwalior,Indore,497
Hubli,Indore,1060
Hyderabad,Indore,921
Imphal,Indore,2739
Jabalpur,Indore,702
Jaipur,Indore,405
Jamshedpur,Indore,1477
Jullundur,Indore,1043
Kanpur,Indore,689
Kolhapur,Indore,870
Lucknow,Indore,768
Ludhiana,Indore,975
Madras,Indore,1619
Madurai,Indore,1771
Meerut,Indore,732
Nagpur,Indore,445
Nasik,Indore,414
Panjim,Indore,1115
Patna,Indore,1205
Pondicherry,Indore,1667
Pune,Indore,623
Ranchi,Indore,1333
Shillong,Indore,2224
Shimla,Indore,1011
Surat,Indore,607
Trivandrum,Indore,1907
Varanasi,Indore,925
Vijayawada,Indore,1187
Vishakapatnam,Indore,1355
Agartala,Jabalpur,2417
Agra,Jabalpur,833
Ahmedabad,Jabalpur,901
Allahabad,Jabalpur,736
Amritsar,Jabalpur,1245
Asansol,Jabalpur,1131
Bangalore,Jabalpur,1296
Baroda,Jabalpur,1020
Bhopal,Jabalpur,609
Bhubaneshwar,Jabalpur,1087
Bombay,Jabalpur,1106
Calcutta,Jabalpur,1167
Calicut,Jabalpur,1643
Chandigarh,Jabalpur,1046
Cochin,Jabalpur,1808
Coimbatore,Jabalpur,1629
Delhi,Jabalpur,800
Gwalior,Jabalpur,823
Hubli,Jabalpur,1219
Hyderabad,Jabalpur,733
Imphal,Jabalpur,2270
Indore,Jabalpur,702
Jaipur,Jabalpur,845
Jamshedpur,Jabalpur,1209
Jullundur,Jabalpur,1175
Kanpur,Jabalpur,543
Kolhapur,Jabalpur,1250
Lucknow,Jabalpur,584
Ludhiana,Jabalpur,1110
Madras,Jabalpur,1431
Madurai,Jabalpur,1728
Meerut,Jabalpur,866
Nagpur,Jabalpur,257
Nasik,Jabalpur,943
Panjim,Jabalpur,1088
Patna,Jabalpur,736
Pondicherry,Jabalpur,1597
Pune,Jabalpur,1003
Ranchi,Jabalpur,1038
Shillong,Jabalpur,1755
Shimla,Jabalpur,1145
Surat,Jabalpur,1006
Trivandrum,Jabalpur,1880
Varanasi,Jabalpur,858
Vijayawada,Jabalpur,999
Vishakapatnam,Jabalpur,1167
Agartala,Jaipur,2793
Agra,Jaipur,230
Ahmedabad,Jaipur,648
Allahabad,Jaipur,710
Amritsar,Jaipur,706
Asansol,Jaipur,1304
Bangalore,Jaipur,1451
Baroda,Jaipur,767
Bhopal,Jaipur,596
Bhubaneshwar,Jaipur,1680
Bombay,Jaipur,994
Calcutta,Jaipur,1527
Calicut,Jaipur,1826
Chandigarh,Jaipur,507
Cochin,Jaipur,1834
Coimbatore,Jaipur,1784
Delhi,Jaipur,263
Gwalior,Jaipur,351
Hubli,Jaipur,1060
Hyderabad,Jaipur,1326
Imphal,Jaipur,2646
Indore,Jaipur,405
Jabalpur,Jaipur,845
Jamshedpur,Jaipur,1384
Jullundur,Jaipur,638
Kanpur,Jaipur,517
Kolhapur,Jaipur,1275
Lucknow,Jaipur,596
Ludhiana,Jaipur,570
Madras,Jaipur,1743
Madurai,Jaipur,1883
Meerut,Jaipur,327
Nagpur,Jaipur,850
Nasik,Jaipur,819
Panjim,Jaipur,1250
Patna,Jaipur,1112
Pondicherry,Jaipur,1713
Pune,Jaipur,1028
Ranchi,Jaipur,1240
Shillong,Jaipur,2131
Shimla,Jaipur,606
Surat,Jaipur,911
Trivandrum,Jaipur,2042
Varanasi,Jaipur,832
Vijayawada,Jaipur,1592
Vishakapatnam,Jaipur,1760
Agartala,Jamshedpur,2131
Agra,Jamshedpur,1157
Ahmedabad,Jamshedpur,1225
Allahabad,Jamshedpur,875
Amritsar,Jamshedpur,1767
Asansol,Jamshedpur,494
Bangalore,Jamshedpur,1682
Baroda,Jamshedpur,1344
Bhopal,Jamshedpur,1452
Bhubaneshwar,Jamshedpur,422
Bombay,Jamshedpur,1777
Calcutta,Jamshedpur,268
Calicut,Jamshedpur,1818
Chandigarh,Jamshedpur,1528
Cochin,Jamshedpur,2040
Coimbatore,Jamshedpur,1854
Delhi,Jamshedpur,1348
Gwalior,Jamshedpur,1147
Hubli,Jamshedpur,1432
Hyderabad,Jamshedpur,1466
Imphal,Jamshedpur,1985
Indore,Jamshedpur,1477
Jabalpur,Jamshedpur,1209
Jaipur,Jamshedpur,1384
Jullundur,Jamshedpur,1682
Kanpur,Jamshedpur,867
Kolhapur,Jamshedpur,1496
Lucknow,Jamshedpur,946
Ludhiana,Jamshedpur,1633
Madras,Jamshedpur,1428
Madurai,Jamshedpur,1908
Meerut,Jamshedpur,1399
Nagpur,Jamshedpur,1102
Nasik,Jamshedpur,1729
Panjim,Jamshedpur,1242
Patna,Jamshedpur,473
Pondicherry,Jamshedpur,1596
Pune,Jamshedpur,1743
Ranchi,Jamshedpur,682
Shillong,Jamshedpur,1492
Shimla,Jamshedpur,1605
Surat,Jamshedpur,1488
Trivandrum,Jamshedpur,2034
Varanasi,Jamshedpur,753
Vijayawada,Jamshedpur,1197
Vishakapatnam,Jamshedpur,867
Agartala,Jullundur,3056
Agra,Jullundur,575
Ahmedabad,Jullundur,1285
Allahabad,Jullundur,1008
Amritsar,Jullundur,393
Asansol,Jullundur,1604
Bangalore,Jullundur,2089
Baroda,Jullundur,1335
Bhopal,Jullundur,1117
Bhubaneshwar,Jullundur,2088
Bombay,Jullundur,1632
Calcutta,Jullundur,1815
Calicut,Jullundur,2341
Chandigarh,Jullundur,154
Cochin,Jullundur,2119
Coimbatore,Jullundur,2314
Delhi,Jullundur,375
Gwalior,Jullundur,616
Hubli,Jullundur,1698
Hyderabad,Jullundur,1748
Imphal,Jullundur,2909
Indore,Jullundur,1043
Jabalpur,Jullundur,1175
Jaipur,Jullundur,638
Jamshedpur,Jullundur,1682
Kanpur,Jullundur,815
Kolhapur,Jullundur,1913
Lucknow,Jullundur,868
Ludhiana,Jullundur,259
Madras,Jullundur,2253
Madurai,Jullundur,2418
Meerut,Jullundur,441
Nagpur,Jullundur,1272
Nasik,Jullundur,1457
Panjim,Jullundur,1888
Patna,Jullundur,1375
Pondicherry,Jullundur,2085
Pune,Jullundur,1666
Ranchi,Jullundur,1538
Shillong,Jullundur,2394
Shimla,Jullundur,253
Surat,Jullundur,1479
Trivandrum,Jullundur,2325
Varanasi,Jullundur,1120
Vijayawada,Jullundur,2014
Vishakapatnam,Jullundur,2182
Agartala,Kanpur,2276
Agra,Kanpur,290
Ahmedabad,Kanpur,1108
Allahabad,Kanpur,193
Amritsar,Kanpur,900
Asansol,Kanpur,789
Bangalore,Kanpur,1598
Baroda,Kanpur,1068
Bhopal,Kanpur,585
Bhubaneshwar,Kanpur,1283
Bombay,Kanpur,1278
Calcutta,Kanpur,1010
Calicut,Kanpur,1836
Chandigarh,Kanpur,661
Cochin,Kanpur,1800
Coimbatore,Kanpur,1680
Delhi,Kanpur,481
Gwalior,Kanpur,280
Hubli,Kanpur,1577
Hyderabad,Kanpur,1253
Imphal,Kanpur,2129
Indore,Kanpur,689
Jabalpur,Kanpur,543
Jaipur,Kanpur,517
Jamshedpur,Kanpur,867
Jullundur,Kanpur,815
Kolhapur,Kanpur,1559
Lucknow,Kanpur,79
Ludhiana,Kanpur,766
Madras,Kanpur,1438
Madurai,Kanpur,1603
Meerut,Kanpur,532
Nagpur,Kanpur,777
Nasik,Kanpur,1103
Panjim,Kanpur,1612
Patna,Kanpur,595
Pondicherry,Kanpur,1270
Pune,Kanpur,1312
Ranchi,Kanpur,723
Shillong,Kanpur,1614
Shimla,Kanpur,738
Surat,Kanpur,1296
Trivandrum,Kanpur,1892
Varanasi,Kanpur,315
Vijayawada,Kanpur,1519
Vishakapatnam,Kanpur,1687
Agartala,Kolhapur,3091
Agra,Kolhapur,1461
Ahmedabad,Kolhapur,911
Allahabad,Kolhapur,1611
Amritsar,Kolhapur,1981
Asansol,Kolhapur,1454
Bangalore,Kolhapur,484
Baroda,Kolhapur,792
Bhopal,Kolhapur,1061
Bhubaneshwar,Kolhapur,1622
Bombay,Kolhapur,426
Calcutta,Kolhapur,1228
Calicut,Kolhapur,830
Chandigarh,Kolhapur,1782
Cochin,Kolhapur,934
Coimbatore,Kolhapur,817
Delhi,Kolhapur,1538
Gwalior,Kolhapur,1347
Hubli,Kolhapur,444
Hyderabad,Kolhapur,578
Imphal,Kolhapur,2945
Indore,Kolhapur,870
Jabalpur,Kolhapur,1250
Jaipur,Kolhapur,1275
Jamshedpur,Kolhapur,1496
Jullundur,Kolhapur,1913
Kanpur,Kolhapur,1559
Lucknow,Kolhapur,1638
Ludhiana,Kolhapur,1845
Madras,Kolhapur,815
Madurai,Kolhapur,916
Meerut,Kolhapur,1602
Nagpur,Kolhapur,1050
Nasik,Kolhapur,456
Panjim,Kolhapur,254
Patna,Kolhapur,1849
Pondicherry,Kolhapur,812
Pune,Kolhapur,247
Ranchi,Kolhapur,1642
Shillong,Kolhapur,1887
Shimla,Kolhapur,1881
Surat,Kolhapur,659
Trivandrum,Kolhapur,1046
Varanasi,Kolhapur,1706
Vijayawada,Kolhapur,847
Vishakapatnam,Kolhapur,1177
Agartala,Lucknow,2247
Agra,Lucknow,369
Ahmedabad,Lucknow,1187
Allahabad,Lucknow,234
Amritsar,Lucknow,939
Asansol,Lucknow,825
Bangalore,Lucknow,1639
Baroda,Lucknow,1147
Bhopal,Lucknow,664
Bhubaneshwar,Lucknow,1254
Bombay,Lucknow,1357
Calcutta,Lucknow,981
Calicut,Lucknow,1877
Chandigarh,Lucknow,740
Cochin,Lucknow,1841
Coimbatore,Lucknow,1721
Delhi,Lucknow,499
Gwalior,Lucknow,359
Hubli,Lucknow,1656
Hyderabad,Lucknow,1317
Imphal,Lucknow,2100
Indore,Lucknow,768
Jabalpur,Lucknow,584
Jaipur,Lucknow,596
Jamshedpur,Lucknow,946
Jullundur,Lucknow,868
Kanpur,Lucknow,79
Kolhapur,Lucknow,1638
Ludhiana,Lucknow,803
Madras,Lucknow,1479
Madurai,Lucknow,1644
Meerut,Lucknow,453
Nagpur,Lucknow,841
Nasik,Lucknow,1182
Panjim,Lucknow,1653
Patna,Lucknow,566
Pondicherry,Lucknow,1311
Pune,Lucknow,1391
Ranchi,Lucknow,802
Shillong,Lucknow,1585
Shimla,Lucknow,659
Surat,Lucknow,1375
Trivandrum,Lucknow,1933
Varanasi,Lucknow,286
Vijayawada,Lucknow,1583
Vishakapatnam,Lucknow,1699
Agartala,Ludhiana,2991
Agra,Ludhiana,510
Ahmedabad,Ludhiana,1218
Allahabad,Ludhiana,959
Amritsar,Ludhiana,344
Asansol,Ludhiana,1555
Bangalore,Ludhiana,2021
Baroda,Ludhiana,1286
Bhopal,Ludhiana,1052
Bhubaneshwar,Ludhiana,2023
Bombay,Ludhiana,1564
Calcutta,Ludhiana,1750
Calicut,Ludhiana,2292
Chandigarh,Ludhiana,105
Cochin,Ludhiana,2070
Coimbatore,Ludhiana,2265
Delhi,Ludhiana,310
Gwalior,Ludhiana,567
Hubli,Ludhiana,1630
Hyderabad,Ludhiana,1699
Imphal,Ludhiana,2844
Indore,Ludhiana,975
Jabalpur,Ludhiana,1110
Jaipur,Ludhiana,570
Jamshedpur,Ludhiana,1633
Jullundur,Ludhiana,259
Kanpur,Ludhiana,766
Kolhapur,Ludhiana,1845
Lucknow,Ludhiana,803
Madras,Ludhiana,2204
Madurai,Ludhiana,2369
Meerut,Ludhiana,376
Nagpur,Ludhiana,1223
Nasik,Ludhiana,1389
Panjim,Ludhiana,1820
Patna,Ludhiana,1310
Pondicherry,Ludhiana,2036
Pune,Ludhiana,1598
Ranchi,Ludhiana,1489
Shillong,Ludhiana,2329
Shimla,Ludhiana,204
Surat,Ludhiana,1430
Trivandrum,Ludhiana,2260
Varanasi,Ludhiana,1055
Vijayawada,Ludhiana,1965
Vishakapatnam,Ludhiana,2133
Agartala,Madras,3023
Agra,Madras,1728
Ahmedabad,Madras,1726
Allahabad,Madras,1245
Amritsar,Madras,2338
Asansol,Madras,1386
Bangalore,Madras,331
Baroda,Madras,1607
Bhopal,Madras,1479
Bhubaneshwar,Madras,1207
Bombay,Madras,1241
Calcutta,Madras,1160
Calicut,Madras,715
Chandigarh,Madras,2099
Cochin,Madras,621
Coimbatore,Madras,426
Delhi,Madras,1895
Gwalior,Madras,1718
Hubli,Madras,683
Hyderabad,Madras,699
Imphal,Madras,2877
Indore,Madras,1619
Jabalpur,Madras,1431
Jaipur,Madras,1743
Jamshedpur,Madras,1428
Jullundur,Madras,2253
Kanpur,Madras,1438
Kolhapur,Madras,815
Lucknow,Madras,1479
Ludhiana,Madras,2204
Madurai,Madras,480
Meerut,Madras,1932
Nagpur,Madras,1174
Nasik,Madras,1271
Panjim,Madras,771
Patna,Madras,1647
Pondicherry,Madras,168
Pune,Madras,1062
Ranchi,Madras,1574
Shillong,Madras,2008
Shimla,Madras,2138
Surat,Madras,1474
Trivandrum,Madras,748
Varanasi,Madras,1753
Vijayawada,Madras,432
Vishakapatnam,Madras,762
Agartala,Madurai,3493
Agra,Madurai,1893
Ahmedabad,Madurai,1827
Allahabad,Madurai,1410
Amritsar,Madurai,2503
Asansol,Madurai,1866
Bangalore,Madurai,432
Baroda,Madurai,1708
Bhopal,Madurai,1580
Bhubaneshwar,Madurai,1687
Bombay,Madurai,1342
Calcutta,Madurai,1640
Calicut,Madurai,548
Chandigarh,Madurai,2264
Cochin,Madurai,326
Coimbatore,Madurai,521
Delhi,Madurai,2060
Gwalior,Madurai,1883
Hubli,Madurai,823
Hyderabad,Madurai,995
Imphal,Madurai,3346
Indore,Madurai,1771
Jabalpur,Madurai,1728
Jaipur,Madurai,1883
Jamshedpur,Madurai,1908
Jullundur,Madurai,2418
Kanpur,Madurai,1603
Kolhapur,Madurai,916
Lucknow,Madurai,1644
Ludhiana,Madurai,2369
Madras,Madurai,480
Meerut,Madurai,2097
Nagpur,Madurai,1471
Nasik,Madurai,1372
Panjim,Madurai,872
Patna,Madurai,1812
Pondicherry,Madurai,333
Pune,Madurai,1163
Ranchi,Madurai,2054
Shillong,Madurai,2304
Shimla,Madurai,2303
Surat,Madurai,1575
Trivandrum,Madurai,544
Varanasi,Madurai,1918
Vijayawada,Madurai,912
Vishakapatnam,Madurai,1242
Agartala,Meerut,2615
Agra,Meerut,266
Ahmedabad,Meerut,975
Allahabad,Meerut,687
Amritsar,Meerut,511
Asansol,Meerut,1278
Bangalore,Meerut,1778
Baroda,Meerut,1094
Bhopal,Meerut,808
Bhubaneshwar,Meerut,1707
Bombay,Meerut,1321
Calcutta,Meerut,1434
Calicut,Meerut,2153
Chandigarh,Meerut,314
Cochin,Meerut,2161
Coimbatore,Meerut,2111
Delhi,Meerut,66
Gwalior,Meerut,381
Hubli,Meerut,1387
Hyderabad,Meerut,1470
Imphal,Meerut,2468
Indore,Meerut,732
Jabalpur,Meerut,866
Jaipur,Meerut,327
Jamshedpur,Meerut,1399
Jullundur,Meerut,441
Kanpur,Meerut,532
Kolhapur,Meerut,1602
Lucknow,Meerut,453
Ludhiana,Meerut,376
Madras,Meerut,1932
Madurai,Meerut,2097
Nagpur,Meerut,994
Nasik,Meerut,1146
Panjim,Meerut,1577
Patna,Meerut,934
Pondicherry,Meerut,1764
Pune,Meerut,1355
Ranchi,Meerut,1236
Shillong,Meerut,1953
Shimla,Meerut,413
Surat,Meerut,1238
Trivandrum,Meerut,2016
Varanasi,Meerut,739
Vijayawada,Meerut,1736
Vishakapatnam,Meerut,1904
Agartala,Nagpur,2674
Agra,Nagpur,770
Ahmedabad,Nagpur,875
Allahabad,Nagpur,608
Amritsar,Nagpur,1357
Asansol,Nagpur,1122
Bangalore,Nagpur,1039
Baroda,Nagpur,774
Bhopal,Nagpur,352
Bhubaneshwar,Nagpur,830
Bombay,Nagpur,849
Calcutta,Nagpur,1163
Calicut,Nagpur,1386
Chandigarh,Nagpur,1118
Cochin,Nagpur,1551
Coimbatore,Nagpur,1372
Delhi,Nagpur,970
Gwalior,Nagpur,656
Hubli,Nagpur,962
Hyderabad,Nagpur,476
Imphal,Nagpur,2527
Indore,Nagpur,445
Jabalpur,Nagpur,257
Jaipur,Nagpur,850
Jamshedpur,Nagpur,1102
Jullundur,Nagpur,1272
Kanpur,Nagpur,777
Kolhapur,Nagpur,1050
Lucknow,Nagpur,841
Ludhiana,Nagpur,1223
Madras,Nagpur,1174
Madurai,Nagpur,1471
Meerut,Nagpur,994
Nasik,Nagpur,700
Panjim,Nagpur,1152
Patna,Nagpur,993
Pondicherry,Nagpur,1340
Pune,Nagpur,909
Ranchi,Nagpur,958
Shillong,Nagpur,1785
Shimla,Nagpur,1217
Surat,Nagpur,749
Trivandrum,Nagpur,1735
Varanasi,Nagpur,713
Vijayawada,Nagpur,742
Vishakapatnam,Nagpur,910
Agartala,Nasik,3238
Agra,Nasik,1005
Ahmedabad,Nasik,504
Allahabad,Nasik,1155
Amritsar,Nasik,1525
Asansol,Nasik,1746
Bangalore,Nasik,940
Baroda,Nasik,457
Bhopal,Nasik,605
Bhubaneshwar,Nasik,1516
Bombay,Nasik,197
Calcutta,Nasik,1675
Calicut,Nasik,1193
Chandigarh,Nasik,1326
Cochin,Nasik,1390
Coimbatore,Nasik,1214
Delhi,Nasik,1082
Gwalior,Nasik,891
Hubli,Nasik,646
Hyderabad,Nasik,754
Imphal,Nasik,3091
Indore,Nasik,414
Jabalpur,Nasik,943
Jaipur,Nasik,819
Jamshedpur,Nasik,1729
Jullundur,Nasik,1457
Kanpur,Nasik,1103
Kolhapur,Nasik,456
Lucknow,Nasik,1182
Ludhiana,Nasik,1389
Madras,Nasik,1271
Madurai,Nasik,1372
Meerut,Nasik,1146
Nagpur,Nasik,700
Panjim,Nasik,701
Patna,Nasik,1557
Pondicherry,Nasik,1268
Pune,Nasik,209
Ranchi,Nasik,1615
Shillong,Nasik,2063
Shimla,Nasik,1425
Surat,Nasik,262
Trivandrum,Nasik,1493
Varanasi,Nasik,1339
Vijayawada,Nasik,1023
Vishakapatnam,Nasik,1353
Agartala,Panjim,2837
Agra,Panjim,1480
Ahmedabad,Panjim,1136
Allahabad,Panjim,1419
Amritsar,Panjim,1956
Asansol,Panjim,1200
Bangalore,Panjim,440
Baroda,Panjim,1017
Bhopal,Panjim,1143
Bhubaneshwar,Panjim,1397
Bombay,Panjim,584
Calcutta,Panjim,974
Calicut,Panjim,576
Chandigarh,Panjim,1757
Cochin,Panjim,798
Coimbatore,Panjim,773
Delhi,Panjim,1513
Gwalior,Panjim,1467
Hubli,Panjim,190
Hyderabad,Panjim,676
Imphal,Panjim,2691
Indore,Panjim,1115
Jabalpur,Panjim,1088
Jaipur,Panjim,1250
Jamshedpur,Panjim,1242
Jullundur,Panjim,1888
Kanpur,Panjim,1612
Kolhapur,Panjim,254
Lucknow,Panjim,1653
Ludhiana,Panjim,1820
Madras,Panjim,771
Madurai,Panjim,872
Meerut,Panjim,1577
Nagpur,Panjim,1152
Nasik,Panjim,701
Patna,Panjim,1595
Pondicherry,Panjim,739
Pune,Panjim,501
Ranchi,Panjim,1388
Shillong,Panjim,1985
Shimla,Panjim,1856
Surat,Panjim,885
Trivandrum,Panjim,792
Varanasi,Panjim,1524
Vijayawada,Panjim,876
Vishakapatnam,Panjim,1206
Agartala,Patna,1681
Agra,Patna,885
Ahmedabad,Patna,1539
Allahabad,Patna,402
Amritsar,Patna,1445
Asansol,Patna,395
Bangalore,Patna,1807
Baroda,Patna,1582
Bhopal,Patna,1016
Bhubaneshwar,Patna,862
Bombay,Patna,1754
Calcutta,Patna,621
Calicut,Patna,2045
Chandigarh,Patna,1248
Cochin,Patna,2009
Coimbatore,Patna,1889
Delhi,Patna,1000
Gwalior,Patna,809
Hubli,Patna,1785
Hyderabad,Patna,1469
Imphal,Patna,1534
Indore,Patna,1205
Jabalpur,Patna,736
Jaipur,Patna,1112
Jamshedpur,Patna,473
Jullundur,Patna,1375
Kanpur,Patna,595
Kolhapur,Patna,1849
Lucknow,Patna,566
Ludhiana,Patna,1310
Madras,Patna,1647
Madurai,Patna,1812
Meerut,Patna,934
Nagpur,Patna,993
Nasik,Patna,1557
Panjim,Patna,1595
Pondicherry,Patna,1479
Pune,Patna,1738
Ranchi,Patna,302
Shillong,Patna,1019
Shimla,Patna,1225
Surat,Patna,1742
Trivandrum,Patna,2101
Varanasi,Patna,280
Vijayawada,Patna,1637
Vishakapatnam,Patna,1307
Agartala,Pondicherry,3160
Agra,Pondicherry,1560
Ahmedabad,Pondicherry,1723
Allahabad,Pondicherry,1077
Amritsar,Pondicherry,2170
Asansol,Pondicherry,1554
Bangalore,Pondicherry,328
Baroda,Pondicherry,1604
Bhopal,Pondicherry,1476
Bhubaneshwar,Pondicherry,1373
Bombay,Pondicherry,1238
Calcutta,Pondicherry,1328
Calicut,Pondicherry,566
Chandigarh,Pondicherry,1931
Cochin,Pondicherry,530
Coimbatore,Pondicherry,410
Delhi,Pondicherry,1727
Gwalior,Pondicherry,1550
Hubli,Pondicherry,653
Hyderabad,Pondicherry,865
Imphal,Pondicherry,3013
Indore,Pondicherry,1667
Jabalpur,Pondicherry,1597
Jaipur,Pondicherry,1713
Jamshedpur,Pondicherry,1596
Jullundur,Pondicherry,2085
Kanpur,Pondicherry,1270
Kolhapur,Pondicherry,812
Lucknow,Pondicherry,1311
Ludhiana,Pondicherry,2036
Madras,Pondicherry,168
Madurai,Pondicherry,333
Meerut,Pondicherry,1764
Nagpur,Pondicherry,1340
Nasik,Pondicherry,1268
Panjim,Pondicherry,739
Patna,Pondicherry,1479
Pune,Pondicherry,1059
Ranchi,Pondicherry,1742
Shillong,Pondicherry,2174
Shimla,Pondicherry,1970
Surat,Pondicherry,1471
Trivandrum,Pondicherry,622
Varanasi,Pondicherry,1585
Vijayawada,Pondicherry,598
Vishakapatnam,Pondicherry,930
Agartala,Pune,3338
Agra,Pune,1214
Ahmedabad,Pune,664
Allahabad,Pune,1364
Amritsar,Pune,1734
Asansol,Pune,1701
Bangalore,Pune,731
Baroda,Pune,545
Bhopal,Pune,814
Bhubaneshwar,Pune,1587
Bombay,Pune,184
Calcutta,Pune,1475
Calicut,Pune,984
Chandigarh,Pune,1535
Cochin,Pune,1181
Coimbatore,Pune,1005
Delhi,Pune,1291
Gwalior,Pune,1100
Hubli,Pune,437
Hyderabad,Pune,545
Imphal,Pune,3192
Indore,Pune,623
Jabalpur,Pune,1003
Jaipur,Pune,1028
Jamshedpur,Pune,1743
Jullundur,Pune,1666
Kanpur,Pune,1312
Kolhapur,Pune,247
Lucknow,Pune,1391
Ludhiana,Pune,1598
Madras,Pune,1062
Madurai,Pune,1163
Meerut,Pune,1355
Nagpur,Pune,909
Nasik,Pune,209
Panjim,Pune,501
Patna,Pune,1738
Pondicherry,Pune,1059
Ranchi,Pune,1675
Shillong,Pune,1854
Shimla,Pune,1634
Surat,Pune,412
Trivandrum,Pune,1293
Varanasi,Pune,1459
Vijayawada,Pune,814
Vishakapatnam,Pune,1144
Agartala,Ranchi,1983
Agra,Ranchi,1013
Ahmedabad,Ranchi,1775
Allahabad,Ranchi,704
Amritsar,Ranchi,1623
Asansol,Ranchi,640
Bangalore,Ranchi,1828
Baroda,Ranchi,1712
Bhopal,Ranchi,1308
Bhubaneshwar,Ranchi,560
Bombay,Ranchi,1807
Calcutta,Ranchi,414
Calicut,Ranchi,1964
Chandigarh,Ranchi,1384
Cochin,Ranchi,2186
Coimbatore,Ranchi,2000
Delhi,Ranchi,1204
Gwalior,Ranchi,1003
Hubli,Ranchi,1578
Hyderabad,Ranchi,1434
Imphal,Ranchi,1836
Indore,Ranchi,1333
Jabalpur,Ranchi,1038
Jaipur,Ranchi,1240
Jamshedpur,Ranchi,682
Jullundur,Ranchi,1538
Kanpur,Ranchi,723
Kolhapur,Ranchi,1642
Lucknow,Ranchi,802
Ludhiana,Ranchi,1489
Madras,Ranchi,1574
Madurai,Ranchi,2054
Meerut,Ranchi,1236
Nagpur,Ranchi,958
Nasik,Ranchi,1615
Panjim,Ranchi,1388
Patna,Ranchi,302
Pondicherry,Ranchi,1742
Pune,Ranchi,1675
Shillong,Ranchi,1321
Shimla,Ranchi,1461
Surat,Ranchi,1707
Trivandrum,Ranchi,2180
Varanasi,Ranchi,582
Vijayawada,Ranchi,1335
Vishakapatnam,Ranchi,1005
Agartala,Shillong,2700
Agra,Shillong,1904
Ahmedabad,Shillong,2518
Allahabad,Shillong,1421
Amritsar,Shillong,2464
Asansol,Shillong,1414
Bangalore,Shillong,1872
Baroda,Shillong,2399
Bhopal,Shillong,2035
Bhubaneshwar,Shillong,1640
Bombay,Shillong,2038
Calcutta,Shillong,1281
Calicut,Shillong,2219
Chandigarh,Shillong,2267
Cochin,Shillong,2384
Coimbatore,Shillong,2205
Delhi,Shillong,2019
Gwalior,Shillong,1828
Hubli,Shillong,1795
Hyderabad,Shillong,1309
Imphal,Shillong,2553
Indore,Shillong,2224
Jabalpur,Shillong,1755
Jaipur,Shillong,2131
Jamshedpur,Shillong,1492
Jullundur,Shillong,2394
Kanpur,Shillong,1614
Kolhapur,Shillong,1887
Lucknow,Shillong,1585
Ludhiana,Shillong,2329
Madras,Shillong,2008
Madurai,Shillong,2304
Meerut,Shillong,1953
Nagpur,Shillong,1785
Nasik,Shillong,2063
Panjim,Shillong,1985
Patna,Shillong,1019
Pondicherry,Shillong,2174
Pune,Shillong,1854
Ranchi,Shillong,1321
Shimla,Shillong,2244
Surat,Shillong,2266
Trivandrum,Shillong,2568
Varanasi,Shillong,1299
Vijayawada,Shillong,1578
Vishakapatnam,Shillong,1908
Agartala,Shimla,2906
Agra,Shimla,547
Ahmedabad,Shimla,1254
Allahabad,Shimla,893
Amritsar,Shimla,338
Asansol,Shimla,1484
Bangalore,Shimla,2057
Baroda,Shimla,1280
Bhopal,Shimla,1087
Bhubaneshwar,Shimla,1913
Bombay,Shimla,1600
Calcutta,Shimla,1640
Calicut,Shimla,2286
Chandigarh,Shimla,99
Cochin,Shimla,2064
Coimbatore,Shimla,2259
Delhi,Shimla,347
Gwalior,Shimla,561
Hubli,Shimla,1666
Hyderabad,Shimla,1693
Imphal,Shimla,2759
Indore,Shimla,1011
Jabalpur,Shimla,1145
Jaipur,Shimla,606
Jamshedpur,Shimla,1605
Jullundur,Shimla,253
Kanpur,Shimla,738
Kolhapur,Shimla,1881
Lucknow,Shimla,659
Ludhiana,Shimla,204
Madras,Shimla,2138
Madurai,Shimla,2303
Meerut,Shimla,413
Nagpur,Shimla,1217
Nasik,Shimla,1425
Panjim,Shimla,1856
Patna,Shimla,1225
Pondicherry,Shimla,1970
Pune,Shimla,1634
Ranchi,Shimla,1461
Shillong,Shimla,2244
Surat,Shimla,1424
Trivandrum,Shimla,2282
Varanasi,Shimla,945
Vijayawada,Shimla,1959
Vishakapatnam,Shimla,2127
Agartala,Surat,3423
Agra,Surat,1141
Ahmedabad,Surat,263
Allahabad,Surat,1357
Amritsar,Surat,1564
Asansol,Surat,1871
Bangalore,Surat,1143
Baroda,Surat,382
Bhopal,Surat,786
Bhubaneshwar,Surat,1579
Bombay,Surat,301
Calcutta,Surat,1756
Calicut,Surat,1396
Chandigarh,Surat,1325
Cochin,Surat,1593
Coimbatore,Surat,1417
Delhi,Surat,1174
Gwalior,Surat,1104
Hubli,Surat,849
Hyderabad,Surat,957
Imphal,Surat,3276
Indore,Surat,607
Jabalpur,Surat,1006
Jaipur,Surat,911
Jamshedpur,Surat,1488
Jullundur,Surat,1479
Kanpur,Surat,1296
Kolhapur,Surat,659
Lucknow,Surat,1375
Ludhiana,Surat,1430
Madras,Surat,1474
Madurai,Surat,1575
Meerut,Surat,1238
Nagpur,Surat,749
Nasik,Surat,262
Panjim,Surat,885
Patna,Surat,1742
Pondicherry,Surat,1471
Pune,Surat,412
Ranchi,Surat,1707
Shillong,Surat,2266
Shimla,Surat,1424
Trivandrum,Surat,1677
Varanasi,Surat,1462
Vijayawada,Surat,1226
Vishakapatnam,Surat,1556
Agartala,Trivandrum,3629
Agra,Trivandrum,2150
Ahmedabad,Trivandrum,1928
Allahabad,Trivandrum,1699
Amritsar,Trivandrum,2395
Asansol,Trivandrum,1992
Bangalore,Trivandrum,696
Baroda,Trivandrum,1809
Bhopal,Trivandrum,1844
Bhubaneshwar,Trivandrum,1953
Bombay,Trivandrum,1376
Calcutta,Trivandrum,1766
Calicut,Trivandrum,440
Chandigarh,Trivandrum,2183
Cochin,Trivandrum,218
Coimbatore,Trivandrum,413
Delhi,Trivandrum,1950
Gwalior,Trivandrum,2099
Hubli,Trivandrum,982
Hyderabad,Trivandrum,1259
Imphal,Trivandrum,3483
Indore,Trivandrum,1907
Jabalpur,Trivandrum,1880
Jaipur,Trivandrum,2042
Jamshedpur,Trivandrum,2034
Jullundur,Trivandrum,2325
Kanpur,Trivandrum,1892
Kolhapur,Trivandrum,1046
Lucknow,Trivandrum,1933
Ludhiana,Trivandrum,2260
Madras,Trivandrum,748
Madurai,Trivandrum,544
Meerut,Trivandrum,2016
Nagpur,Trivandrum,1735
Nasik,Trivandrum,1493
Panjim,Trivandrum,792
Patna,Trivandrum,2101
Pondicherry,Trivandrum,622
Pune,Trivandrum,1293
Ranchi,Trivandrum,2180
Shillong,Trivandrum,2568
Shimla,Trivandrum,2282
Surat,Trivandrum,1677
Varanasi,Trivandrum,2207
Vijayawada,Trivandrum,1180
Vishakapatnam,Trivandrum,1510
Agartala,Varanasi,1961
Agra,Varanasi,605
Ahmedabad,Varanasi,1367
Allahabad,Varanasi,508
Amritsar,Varanasi,1190
Asansol,Varanasi,675
Bangalore,Varanasi,1752
Baroda,Varanasi,1304
Bhopal,Varanasi,900
Bhubaneshwar,Varanasi,968
Bombay,Varanasi,1514
Calcutta,Varanasi,695
Calicut,Varanasi,2099
Chandigarh,Varanasi,976
Cochin,Varanasi,2115
Coimbatore,Varanasi,1995
Delhi,Varanasi,745
Gwalior,Varanasi,595
Hubli,Varanasi,1675
Hyderabad,Varanasi,1189
Imphal,Varanasi,1814
Indore,Varanasi,925
Jabalpur,Varanasi,858
Jaipur,Varanasi,832
Jamshedpur,Varanasi,753
Jullundur,Varanasi,1120
Kanpur,Varanasi,315
Kolhapur,Varanasi,1706
Lucknow,Varanasi,286
Ludhiana,Varanasi,1055
Madras,Varanasi,1753
Madurai,Varanasi,1918
Meerut,Varanasi,739
Nagpur,Varanasi,713
Nasik,Varanasi,1339
Panjim,Varanasi,1524
Patna,Varanasi,280
Pondicherry,Varanasi,1585
Pune,Varanasi,1459
Ranchi,Varanasi,582
Shillong,Varanasi,1299
Shimla,Varanasi,945
Surat,Varanasi,1462
Trivandrum,Varanasi,2207
Vijayawada,Varanasi,1455
Vishakapatnam,Varanasi,1413
Agartala,Vijayawada,3061
Agra,Vijayawada,1512
Ahmedabad,Vijayawada,1478
Allahabad,Vijayawada,1350
Amritsar,Vijayawada,2099
Asansol,Vijayawada,1298
Bangalore,Vijayawada,637
Baroda,Vijayawada,1359
Bhopal,Vijayawada,1077
Bhubaneshwar,Vijayawada,775
Bombay,Vijayawada,973
Calcutta,Vijayawada,1198
Calicut,Vijayawada,1147
Chandigarh,Vijayawada,1860
Cochin,Vijayawada,1053
Coimbatore,Vijayawada,858
Delhi,Vijayawada,1712
Gwalior,Vijayawada,1398
Hubli,Vijayawada,755
Hyderabad,Vijayawada,269
Imphal,Vijayawada,2914
Indore,Vijayawada,1187
Jabalpur,Vijayawada,999
Jaipur,Vijayawada,1592
Jamshedpur,Vijayawada,1197
Jullundur,Vijayawada,2014
Kanpur,Vijayawada,1519
Kolhapur,Vijayawada,847
Lucknow,Vijayawada,1583
Ludhiana,Vijayawada,1965
Madras,Vijayawada,432
Madurai,Vijayawada,912
Meerut,Vijayawada,1736
Nagpur,Vijayawada,742
Nasik,Vijayawada,1023
Panjim,Vijayawada,876
Patna,Vijayawada,1637
Pondicherry,Vijayawada,598
Pune,Vijayawada,814
Ranchi,Vijayawada,1335
Shillong,Vijayawada,1578
Shimla,Vijayawada,1959
Surat,Vijayawada,1226
Trivandrum,Vijayawada,1180
Varanasi,Vijayawada,1455
Vishakapatnam,Vijayawada,868
Agartala,Vishakapatnam,2731
Agra,Vishakapatnam,1680
Ahmedabad,Vishakapatnam,1785
Allahabad,Vishakapatnam,1518
Amritsar,Vishakapatnam,2267
Asansol,Vishakapatnam,968
Bangalore,Vishakapatnam,1093
Baroda,Vishakapatnam,1684
Bhopal,Vishakapatnam,1262
Bhubaneshwar,Vishakapatnam,445
Bombay,Vishakapatnam,1328
Calcutta,Vishakapatnam,868
Calicut,Vishakapatnam,1477
Chandigarh,Vishakapatnam,2028
Cochin,Vishakapatnam,1383
Coimbatore,Vishakapatnam,1188
Delhi,Vishakapatnam,1880
Gwalior,Vishakapatnam,1566
Hubli,Vishakapatnam,1085
Hyderabad,Vishakapatnam,599
Imphal,Vishakapatnam,2584
Indore,Vishakapatnam,1355
Jabalpur,Vishakapatnam,1167
Jaipur,Vishakapatnam,1760
Jamshedpur,Vishakapatnam,867
Jullundur,Vishakapatnam,2182
Kanpur,Vishakapatnam,1687
Kolhapur,Vishakapatnam,1177
Lucknow,Vishakapatnam,1699
Ludhiana,Vishakapatnam,2133
Madras,Vishakapatnam,762
Madurai,Vishakapatnam,1242
Meerut,Vishakapatnam,1904
Nagpur,Vishakapatnam,910
Nasik,Vishakapatnam,1353
Panjim,Vishakapatnam,1206
Patna,Vishakapatnam,1307
Pondicherry,Vishakapatnam,930
Pune,Vishakapatnam,1144
Ranchi,Vishakapatnam,1005
Shillong,Vishakapatnam,1908
Shimla,Vishakapatnam,2127
Surat,Vishakapatnam,1556
Trivandrum,Vishakapatnam,1510
Varanasi,Vishakapatnam,1413
Vijayawada,Vishakapatnam,868
